Country/Region,unit,1990,1991,1992,1993,1994,1995,1996,1997,1998,1999,2000,2001,2002,2003,2004,2005,2006,2007,2008,2009,2010,2011,2012,2013,2014,2015,2016,2017,2018
China,MtCO2e,2873.71,3023.38,3154.54,3377.79,3528.81,3918.30,3954.75,3963.61,4103.23,4053.37,4249.70,4459.91,4769.03,5386.89,6135.95,6862.81,7547.54,8165.43,8455.65,9046.19,9872.37,10364.83,10690.04,11144.76,11155.76,11149.68,11207.66,11408.26,11705.81
United States,MtCO2e,5543.47,5501.92,5583.80,5691.26,5782.20,5843.90,6010.62,6258.47,6293.80,6291.25,6446.20,6406.04,6246.95,6306.12,6387.22,6401.12,6306.81,6397.67,6220.21,5793.66,6041.59,5796.78,5550.87,5690.79,5711.15,5586.69,5676.92,5613.64,5794.35
India,MtCO2e,1009.44,1064.49,1096.71,1128.44,1174.78,1240.44,1289.63,1348.09,1382.26,1460.24,1498.20,1747.49,1769.79,1817.42,1905.13,1977.76,2073.67,2219.62,2317.48,2467.78,2576.93,2610.32,2758.53,2816.49,2988.34,3002.17,3073.24,3202.82,3346.63
Russia,MtCO2e,2885.12,2788.70,2551.94,2294.62,2011.47,1930.88,1889.18,1755.59,1740.23,1772.68,1831.09,1455.44,1477.17,1556.63,1601.63,1608.10,1682.12,1690.16,1727.25,1575.54,1690.93,1864.86,1886.41,1844.48,1841.26,1791.21,1918.26,1939.26,1992.08
Indonesia,MtCO2e,1257.10,1274.43,1295.01,1311.27,1327.87,1360.88,1179.00,2142.82,1373.56,1261.56,1191.82,1019.35,1500.98,1167.69,1517.02,1242.70,1655.23,1100.24,1087.94,1483.61,1125.25,1675.72,1695.27,1636.17,2016.28,2070.24,1453.23,1466.05,1703.86
Brazil,MtCO2e,1642.29,1669.56,1679.50,1689.70,1706.03,1726.08,1735.71,1766.32,1800.62,1810.51,1807.03,1901.78,1935.36,1948.37,1995.86,2004.36,1994.55,2029.48,2030.84,2008.85,2104.61,1270.59,1311.58,1335.02,1372.79,1354.28,1443.98,1461.43,1420.58
Japan,MtCO2e,1109.37,1123.86,1137.15,1129.63,1186.79,1201.85,1215.95,1203.81,1156.66,1182.31,1198.54,1153.99,1185.65,1193.40,1185.28,1186.26,1164.29,1200.21,1133.32,1073.57,1130.13,1235.29,1277.48,1289.00,1251.32,1215.33,1225.67,1203.32,1154.72
Iran,MtCO2e,240.54,280.88,301.84,300.14,332.67,349.89,364.14,381.58,389.67,427.53,446.36,439.25,463.93,493.23,530.16,569.00,617.12,655.51,669.06,693.31,699.33,750.70,761.05,781.95,794.19,786.50,796.03,814.79,828.34
Germany,MtCO2e,1109.28,1079.69,1032.01,1024.31,1011.41,1004.79,1032.92,994.92,968.60,934.16,924.72,973.21,954.76,953.66,933.79,909.39,915.88,886.80,889.47,832.31,862.97,823.34,837.46,854.70,814.43,818.22,820.70,803.18,776.61
Canada,MtCO2e,626.36,622.29,638.22,636.25,656.82,672.53,696.88,709.57,726.10,723.75,739.69,962.37,981.04,1000.48,995.19,1006.64,992.64,1023.93,999.57,962.46,975.84,825.24,830.07,841.21,848.12,844.67,731.11,745.74,763.44
Mexico,MtCO2e,417.45,435.45,438.32,458.00,483.60,464.60,490.56,518.59,554.43,533.02,559.46,463.07,469.03,492.69,497.06,521.72,543.90,565.29,595.78,580.11,584.23,680.75,674.16,668.85,659.98,684.99,698.62,694.58,695.26
Democratic Republic of the Congo,MtCO2e,434.87,433.76,434.16,434.53,434.86,434.85,430.38,436.63,438.56,430.80,427.38,418.80,431.03,437.71,441.04,441.40,443.97,437.15,441.49,441.53,444.19,678.57,677.83,682.12,682.66,685.35,685.22,686.17,681.67
South Korea,MtCO2e,244.25,269.59,294.15,325.01,352.61,384.99,412.92,438.77,373.96,411.82,469.38,468.43,461.26,469.14,493.24,488.66,496.96,505.75,519.83,533.49,586.31,620.34,624.83,624.54,613.81,635.34,651.13,664.54,673.08
Saudi Arabia,MtCO2e,190.64,212.83,227.52,235.98,250.09,255.07,269.71,253.57,271.90,278.67,291.54,297.91,318.25,331.54,349.93,366.49,389.51,412.59,450.11,470.78,514.56,534.21,568.10,585.81,629.39,660.37,664.17,656.08,638.12
Australia,MtCO2e,558.21,558.13,560.30,559.98,563.06,571.19,571.01,582.28,608.08,643.60,661.97,665.72,660.75,583.65,635.50,598.44,646.91,646.46,617.09,633.80,601.14,644.74,643.12,555.26,566.21,566.47,577.32,623.08,619.26
South Africa,MtCO2e,319.52,315.46,312.42,320.86,326.81,337.33,347.87,361.36,368.91,347.85,351.05,384.62,400.28,421.83,449.33,449.65,452.00,472.37,504.10,483.46,506.27,490.65,509.55,519.44,531.53,507.48,508.24,521.36,520.50
Turkey,MtCO2e,189.27,191.74,199.22,205.73,200.92,215.50,233.26,242.39,243.59,243.49,267.48,219.28,229.56,241.45,247.73,260.27,289.65,319.59,318.18,321.60,331.37,337.24,351.35,342.57,367.45,374.18,432.17,474.03,473.87
United Kingdom,MtCO2e,746.40,761.64,739.51,722.61,711.75,702.55,722.68,701.07,697.42,671.25,673.87,684.64,666.82,674.47,669.83,663.91,661.01,645.52,625.56,570.73,583.60,540.98,562.45,543.71,502.84,486.78,464.28,450.24,441.13
Pakistan,MtCO2e,166.50,167.45,176.65,186.47,193.14,203.61,210.65,217.56,221.37,233.94,236.06,238.30,244.71,252.54,269.49,277.77,297.16,313.94,316.90,327.27,321.54,328.63,332.43,342.88,356.49,371.24,396.40,421.60,438.22
Thailand,MtCO2e,174.02,186.02,197.92,214.03,228.84,247.92,268.47,275.67,257.40,267.19,268.47,233.70,245.95,259.15,281.87,287.81,291.25,306.56,310.02,309.61,329.44,363.65,386.03,397.19,393.87,395.67,410.92,428.94,431.22
Argentina,MtCO2e,288.37,293.36,297.76,300.27,305.35,305.93,319.81,322.34,326.15,332.24,331.14,372.45,369.30,391.04,406.44,410.92,425.42,438.82,442.98,424.07,429.81,410.64,414.84,424.70,421.76,428.37,396.27,397.70,395.50
Malaysia,MtCO2e,207.11,214.67,221.40,224.79,231.70,239.11,247.37,257.86,288.83,267.24,278.87,270.24,288.90,298.20,322.76,336.40,332.30,357.03,368.36,366.72,379.15,155.60,155.92,174.34,205.53,191.89,378.56,365.00,388.11
Italy,MtCO2e,456.75,454.34,451.12,444.81,439.52,464.51,460.76,464.54,475.84,483.07,488.00,485.95,494.23,512.77,523.88,525.16,512.76,506.06,491.14,442.26,450.75,439.93,422.08,390.27,370.58,381.49,398.64,393.01,386.78
Vietnam,MtCO2e,1.17,4.03,6.54,13.23,18.85,25.03,32.87,40.65,51.84,55.08,63.11,157.92,174.91,180.26,198.37,207.64,213.22,227.29,237.99,259.62,277.74,235.82,236.38,248.78,261.78,305.32,330.21,328.33,364.43
France,MtCO2e,477.92,502.72,487.97,469.18,463.44,472.18,490.93,480.98,497.02,486.59,483.67,447.09,439.49,444.36,441.98,442.64,432.32,425.14,418.88,400.59,404.32,392.42,395.28,396.16,363.05,369.04,368.04,370.47,361.37
Nigeria,MtCO2e,249.87,260.06,272.23,272.12,270.78,265.37,276.14,266.82,258.68,249.74,247.07,248.44,252.94,260.59,264.22,281.19,276.10,274.16,277.10,258.87,281.15,299.26,303.64,318.11,327.77,323.23,330.64,337.40,357.52
Poland,MtCO2e,429.16,424.94,414.15,413.64,408.95,408.44,423.05,412.81,382.95,372.24,358.79,300.69,292.88,304.75,309.02,310.64,324.47,324.46,318.18,302.33,320.30,360.67,353.70,348.35,335.26,339.15,344.31,357.17,356.74
Egypt,MtCO2e,129.43,135.07,140.18,142.45,138.13,147.11,154.53,163.95,170.77,179.61,180.91,193.53,198.41,202.70,215.91,233.90,244.52,259.61,268.73,274.79,276.27,284.10,294.89,292.15,298.19,307.26,315.96,320.55,329.40
Spain,MtCO2e,232.63,238.82,248.65,233.85,246.79,260.70,254.16,275.71,285.23,309.99,327.40,348.65,365.39,374.51,390.66,405.41,399.28,415.54,382.32,345.50,330.31,340.98,334.71,308.62,307.09,317.67,301.97,318.35,313.06
Venezuela,MtCO2e,325.64,327.42,331.42,337.76,340.51,349.03,363.45,370.45,370.61,365.07,374.82,318.43,325.00,318.62,321.04,335.90,328.29,332.82,344.66,345.38,348.48,368.02,387.66,392.76,394.20,379.78,301.07,286.63,277.26
Kazakhstan,MtCO2e,308.25,318.28,319.10,277.48,252.51,220.83,192.78,164.97,164.26,148.12,147.35,147.08,164.14,175.32,192.35,204.78,226.14,234.21,280.62,249.71,275.78,284.28,284.28,297.58,248.23,249.48,271.53,280.59,271.23
Colombia,MtCO2e,217.08,218.85,222.51,226.53,228.62,231.69,232.23,237.26,239.00,228.71,233.07,222.71,221.71,223.94,226.33,228.35,229.66,235.52,236.44,240.51,244.95,223.50,221.94,228.65,232.02,233.78,264.21,260.61,267.95
United Arab Emirates,MtCO2e,69.71,76.25,74.82,77.76,84.37,90.78,96.09,103.86,108.39,112.69,113.34,127.37,131.60,139.31,148.02,156.70,162.95,174.27,199.89,202.08,208.58,214.63,226.57,237.63,240.02,252.85,259.65,269.82,263.24
Ukraine,MtCO2e,873.70,828.09,735.92,646.85,551.55,521.01,459.23,434.81,406.96,403.27,385.01,408.37,411.04,441.53,406.48,387.71,393.04,401.26,387.22,327.37,345.37,376.94,364.85,353.90,317.98,265.08,277.97,251.96,262.43
Philippines,MtCO2e,98.21,98.27,100.41,105.92,113.69,125.88,134.83,143.44,137.30,142.90,144.82,144.28,145.99,149.12,152.88,154.20,147.22,152.77,155.97,157.97,163.75,165.75,170.90,182.28,190.12,199.22,212.04,228.35,234.82
Uzbekistan,MtCO2e,197.93,200.66,190.34,222.25,199.69,190.94,193.36,187.84,198.82,205.67,225.43,218.92,222.74,217.72,220.20,217.26,240.12,238.10,247.58,221.36,226.78,239.23,227.25,229.83,222.96,219.73,227.54,231.55,232.14
Myanmar,MtCO2e,207.89,207.34,209.89,212.57,215.09,218.20,215.90,213.58,219.89,225.41,222.18,201.58,200.33,212.14,225.17,216.56,221.14,230.26,217.36,227.49,232.44,202.70,211.26,213.95,221.49,227.79,221.28,229.98,231.62
Bangladesh,MtCO2e,115.06,115.24,117.14,118.35,120.80,125.86,126.39,128.66,128.46,132.37,134.54,139.71,143.03,144.67,146.24,150.91,156.42,159.06,167.36,171.06,178.50,183.76,187.33,190.85,195.62,204.52,205.26,214.18,220.75
Algeria,MtCO2e,95.67,94.54,94.16,101.70,99.45,103.66,104.99,109.08,114.42,120.40,127.36,122.31,129.57,135.37,139.19,144.67,150.18,157.43,160.67,170.49,171.63,179.41,189.38,193.39,203.53,211.46,210.03,212.33,219.11
Iraq,MtCO2e,78.65,58.30,80.01,103.01,114.03,110.00,111.75,130.30,96.75,80.16,90.52,102.09,97.81,86.92,90.93,105.09,101.32,95.48,104.97,128.25,141.36,153.68,175.68,186.98,193.77,185.86,197.79,201.29,216.19
Ethiopia,MtCO2e,94.10,95.87,98.40,93.88,96.28,98.44,102.16,107.08,113.73,115.50,112.72,119.19,128.94,127.60,129.96,133.69,138.98,149.46,154.15,158.63,163.85,166.05,173.67,180.17,188.21,193.58,199.92,203.35,204.67
Peru,MtCO2e,103.85,102.62,103.48,104.65,107.18,111.96,115.54,116.84,117.11,121.44,122.09,125.32,127.36,127.30,131.65,133.19,132.80,136.81,141.47,145.59,149.77,177.04,177.42,178.81,182.20,183.85,187.96,185.87,186.18
Netherlands,MtCO2e,205.44,210.79,210.18,215.69,215.43,220.82,231.75,222.95,223.08,210.62,208.55,209.35,208.85,208.78,210.34,204.70,200.03,199.91,197.69,192.44,203.24,190.26,188.48,188.06,180.75,189.70,189.52,185.91,179.99
Tanzania,MtCO2e,102.75,103.00,103.00,103.00,104.00,108.00,101.00,101.00,105.00,104.74,102.02,107.46,113.58,122.55,122.48,128.97,124.27,127.09,130.35,133.03,136.69,140.84,148.15,152.42,155.92,164.65,176.81,175.49,175.57
Sudan,MtCO2e,73.23,74.13,77.76,79.70,84.18,85.38,89.75,97.46,104.16,107.80,107.06,95.03,100.32,103.26,105.75,110.72,109.78,115.25,116.38,118.35,116.64,116.09,120.84,121.16,122.35,125.99,130.01,129.91,130.64
Bolivia,MtCO2e,104.98,105.78,107.60,109.37,111.44,111.02,111.71,112.74,113.75,119.22,109.82,89.29,95.21,92.79,104.92,100.75,102.56,107.32,102.42,101.39,122.67,111.42,111.80,111.88,112.39,115.51,126.36,125.32,126.21
Turkmenistan,MtCO2e,79.18,69.95,56.19,53.18,57.44,59.38,56.92,57.69,59.91,66.86,69.80,72.84,77.22,84.38,88.86,89.34,89.75,94.27,94.40,86.13,91.90,101.66,108.94,114.27,119.77,126.15,125.94,125.62,125.08
Angola,MtCO2e,65.18,65.85,66.17,66.96,67.10,71.47,73.33,71.74,79.62,77.65,73.29,95.49,100.57,111.24,114.92,115.14,114.99,121.86,123.39,128.34,133.35,133.54,133.21,135.41,136.50,139.09,138.85,137.32,124.59
Cameroon,MtCO2e,71.93,71.62,71.57,75.74,132.18,132.22,132.50,133.37,137.23,136.42,137.82,123.34,123.40,126.14,123.97,126.78,125.10,126.33,126.48,126.55,127.86,119.25,118.77,120.10,120.46,121.47,122.84,122.84,123.33
Zimbabwe,MtCO2e,43.18,43.48,44.29,40.75,40.49,40.35,42.27,41.44,42.75,45.06,42.23,43.14,40.16,37.49,37.39,37.86,36.73,37.26,35.35,36.27,39.30,42.04,42.36,42.42,40.84,42.89,116.52,116.09,118.77
Czech Republic,MtCO2e,172.90,156.17,151.72,147.00,139.71,139.69,141.30,138.79,132.16,124.05,134.68,136.91,131.29,135.63,136.18,133.11,134.09,137.06,132.00,124.37,127.45,128.14,124.74,119.45,116.73,118.65,118.28,118.30,117.03
Kuwait,MtCO2e,32.05,38.74,26.33,32.97,37.81,38.22,37.79,39.28,45.51,49.76,53.58,57.48,60.42,63.00,67.15,75.23,78.24,77.91,82.71,85.46,89.21,93.58,97.45,100.55,100.31,106.21,109.84,111.46,112.97
Mozambique,MtCO2e,84.89,84.87,85.21,85.61,85.58,85.82,71.60,69.33,72.05,70.86,68.48,86.39,86.48,91.40,90.39,95.09,93.89,96.00,100.92,95.68,104.37,93.75,97.79,99.38,99.78,98.90,107.78,106.39,110.07
Belgium,MtCO2e,126.81,131.76,129.84,127.66,133.02,133.19,138.55,135.36,138.13,134.27,134.30,135.68,128.40,131.78,130.35,126.49,123.51,118.84,121.18,114.12,121.44,109.82,109.23,110.50,104.09,109.16,110.52,108.41,108.91
Chad,MtCO2e,24.94,31.37,32.25,33.22,34.21,35.24,38.44,40.17,44.74,46.58,46.87,50.83,55.04,59.23,62.44,65.92,67.20,69.47,69.93,69.99,73.18,84.86,88.03,89.70,92.23,97.44,100.19,102.15,105.06
Libya,MtCO2e,105.32,102.72,99.77,100.49,105.69,107.57,109.81,109.57,111.01,109.46,111.30,115.37,120.15,123.42,127.32,133.59,134.75,132.52,138.42,141.57,145.81,115.16,117.93,109.15,102.27,84.88,86.62,96.58,103.04
Qatar,MtCO2e,14.08,16.24,16.42,17.34,18.23,19.10,20.05,21.69,23.13,25.37,24.23,26.17,30.50,32.04,35.26,44.81,49.05,55.95,60.67,63.19,68.84,72.84,80.86,82.70,88.94,92.46,94.70,97.34,99.83
Afghanistan,MtCO2e,12.79,12.71,11.25,11.08,10.88,11.09,12.05,12.95,13.71,14.53,12.69,13.61,16.21,16.90,16.64,17.52,21.16,25.00,31.66,37.08,45.03,58.41,66.50,74.55,84.37,93.48,95.53,97.45,99.08
Paraguay,MtCO2e,75.16,72.17,71.53,71.75,71.74,73.74,73.70,74.90,75.13,78.31,73.74,89.81,90.05,91.75,89.59,90.96,91.09,94.74,92.51,94.53,97.24,110.36,111.63,113.28,115.13,115.54,94.16,97.10,95.29
Zambia,MtCO2e,77.42,76.95,76.27,74.99,73.43,70.94,59.95,58.16,57.15,53.22,47.47,53.21,56.45,62.17,62.74,65.37,60.68,63.26,65.56,62.11,68.23,82.69,86.73,88.17,89.04,94.32,93.51,93.87,93.23
Morocco,MtCO2e,34.78,36.19,37.31,37.00,40.11,40.73,41.41,43.36,44.29,46.47,47.58,51.84,53.64,53.91,58.46,61.35,63.90,65.14,68.11,68.69,72.50,80.73,83.00,83.82,85.61,88.35,86.73,91.16,92.35
Ecuador,MtCO2e,70.40,71.25,73.51,73.27,74.88,78.00,81.38,83.43,82.35,79.72,78.93,75.26,75.62,76.20,78.86,80.37,82.85,82.98,84.27,87.58,90.38,79.83,81.06,84.03,84.87,83.48,91.17,90.21,91.84
Israel,MtCO2e,43.95,45.03,47.82,51.88,55.21,59.03,62.13,65.15,66.52,68.72,73.59,73.50,75.52,76.34,77.43,76.09,80.41,83.61,84.28,83.86,89.32,89.54,96.67,88.51,87.10,89.46,89.51,91.14,87.92
Central African Republic,MtCO2e,64.44,65.19,65.67,66.16,69.10,69.67,58.69,62.37,67.96,64.61,66.21,74.07,69.63,83.41,72.15,78.25,77.77,80.56,80.89,70.69,78.74,83.04,80.14,80.65,79.57,83.31,90.99,86.67,87.07
Greece,MtCO2e,94.44,94.55,96.63,97.00,99.62,104.03,105.10,106.21,110.45,111.37,117.05,117.43,117.81,121.13,120.74,122.83,121.21,124.62,120.71,113.81,107.10,107.17,102.01,94.37,91.31,89.58,88.31,87.92,86.14
Romania,MtCO2e,245.92,203.46,182.02,170.57,167.11,172.66,175.94,163.31,145.80,130.19,134.81,138.07,134.98,140.81,137.89,136.30,137.74,133.95,131.91,115.28,112.18,-165.52,-168.24,-177.81,-178.71,-177.03,82.96,85.69,86.13
Oman,MtCO2e,14.79,19.16,18.13,17.47,17.38,19.32,19.70,21.28,21.51,24.85,27.10,29.87,31.51,32.24,32.12,32.53,42.44,46.22,45.55,48.44,52.48,58.73,65.34,68.28,72.07,76.26,77.85,78.51,82.32
Azerbaijan,MtCO2e,75.17,84.19,60.44,68.59,62.05,60.01,55.36,55.45,56.29,56.60,58.71,58.80,59.73,57.43,58.72,62.71,65.74,64.40,71.98,72.90,77.18,79.47,80.64,80.18,80.36,79.18,79.97,78.61,78.35
Kenya,MtCO2e,34.15,32.92,32.92,32.72,32.98,33.33,32.87,32.90,34.26,36.48,35.50,54.32,55.22,56.18,58.81,59.19,59.65,76.44,77.78,78.20,79.81,75.37,74.73,76.73,79.66,82.31,71.93,69.13,71.21
New Zealand,MtCO2e,45.17,44.62,45.48,44.56,46.29,47.55,48.09,50.39,48.89,51.14,51.29,57.05,58.59,61.02,59.66,61.17,61.43,60.14,60.16,57.36,57.14,62.69,64.95,64.53,65.02,64.97,69.80,71.45,70.71
Uganda,MtCO2e,34.00,34.55,34.87,35.31,35.06,35.88,36.70,38.19,39.76,39.72,39.64,39.45,40.41,42.31,42.53,44.79,44.25,47.72,54.95,55.99,58.84,59.58,61.57,62.54,64.26,66.07,68.72,69.83,70.71
Cambodia,MtCO2e,25.99,25.80,26.45,27.38,26.30,28.47,24.76,26.06,29.56,29.09,27.43,28.04,30.49,33.00,33.89,32.38,35.82,36.76,36.52,38.12,36.96,101.28,99.66,100.10,100.75,103.41,68.73,70.81,69.15
South Sudan,MtCO2e,36.66,37.56,40.03,42.06,43.97,44.75,48.88,53.72,59.09,62.44,64.80,59.79,63.54,66.34,68.63,71.98,70.90,74.71,75.66,77.69,76.90,73.36,74.53,70.42,67.66,64.74,68.58,65.83,68.49
Austria,MtCO2e,62.79,66.99,61.20,61.12,61.22,63.69,67.41,66.40,66.38,64.56,64.76,76.39,77.69,82.77,83.59,83.63,81.31,78.22,77.79,70.83,76.55,73.72,70.50,71.05,67.28,68.41,68.53,70.71,67.85
Portugal,MtCO2e,57.84,59.56,63.58,62.50,64.41,68.18,66.63,68.93,74.08,80.82,80.33,78.72,83.60,78.71,80.60,83.70,78.41,76.99,74.74,73.87,68.60,66.31,64.62,62.92,62.51,66.64,66.81,71.77,67.15
Belarus,MtCO2e,104.36,99.30,85.47,72.69,59.65,51.66,52.41,52.84,50.95,48.68,46.09,53.15,52.01,53.02,56.74,57.49,60.66,59.40,63.54,60.67,65.26,70.97,72.60,73.22,72.53,68.08,62.24,63.76,66.68
Singapore,MtCO2e,31.56,34.74,37.34,44.23,47.80,49.15,50.59,50.69,49.66,50.61,55.25,54.95,54.07,50.96,52.39,49.68,50.13,51.40,51.70,52.25,55.98,59.05,58.66,59.57,60.78,62.51,63.99,66.00,66.67
Papua New Guinea,MtCO2e,38.45,39.50,40.50,41.56,42.44,45.96,45.38,59.93,46.37,47.51,48.89,48.81,49.61,49.61,51.05,49.86,49.63,49.46,48.57,48.66,48.67,56.74,57.44,58.62,60.20,62.81,63.56,63.76,64.09
Hungary,MtCO2e,90.74,85.72,75.77,76.32,75.97,74.30,76.57,74.90,74.76,75.48,72.67,75.63,73.79,76.67,75.48,74.57,73.80,71.63,70.22,64.37,64.35,62.68,58.81,56.47,56.74,59.67,60.86,62.78,62.81
Serbia,MtCO2e,79.12,68.81,63.54,57.78,54.10,60.67,68.16,73.00,72.71,55.38,57.37,26.97,30.25,33.25,38.67,31.83,34.13,33.85,32.50,29.16,28.54,65.63,60.89,61.66,53.76,60.07,64.10,64.42,62.51
Ireland,MtCO2e,54.11,54.68,54.89,55.54,57.02,57.85,59.34,60.84,64.24,65.80,68.77,71.35,70.62,70.90,70.13,71.35,72.32,70.69,69.64,64.27,62.91,58.41,60.06,59.14,59.30,61.10,63.08,62.45,62.29
Finland,MtCO2e,38.27,38.18,35.07,36.31,42.92,38.94,45.39,43.45,39.81,39.13,37.79,58.93,61.32,69.47,65.56,53.39,64.75,62.92,54.80,51.19,59.29,11.43,5.73,6.47,2.38,-1.07,62.88,60.02,61.43
Botswana,MtCO2e,54.94,54.38,54.65,54.33,54.61,55.54,56.98,56.61,56.43,56.50,56.28,58.09,58.44,51.32,51.95,53.35,55.21,53.51,62.30,53.17,63.76,68.83,57.82,57.28,56.09,55.73,54.92,58.79,57.45
Mongolia,MtCO2e,34.47,36.71,34.57,33.37,31.60,32.52,31.88,34.06,33.70,33.78,34.91,31.61,29.76,29.50,29.29,31.98,34.90,37.61,37.84,38.88,36.16,38.92,42.31,44.76,47.31,48.92,51.20,53.99,55.72
Burkina Faso,MtCO2e,26.04,26.49,26.79,27.05,27.52,27.90,27.83,28.37,29.15,29.07,30.42,32.26,33.00,36.48,37.08,37.75,37.80,38.55,39.39,40.09,41.27,31.12,31.84,32.86,33.36,34.11,53.75,54.66,54.96
Nepal,MtCO2e,20.60,20.99,20.85,21.80,22.89,24.10,24.77,25.68,26.84,28.75,29.46,27.11,26.40,27.65,27.86,28.68,28.47,28.80,30.37,32.45,33.93,42.54,44.84,45.78,47.78,46.82,52.26,53.06,54.57
Chile,MtCO2e,30.34,29.62,31.95,33.32,36.84,40.30,46.64,53.95,55.16,57.97,54.22,33.28,34.08,34.93,40.23,40.85,42.17,50.39,55.06,52.36,57.15,18.43,20.68,23.68,17.45,23.21,50.37,52.77,51.77
CÃ´te d'Ivoire,MtCO2e,69.67,75.40,80.99,86.68,92.51,92.50,92.25,93.13,93.17,94.44,93.64,58.12,57.46,54.69,52.33,52.82,50.99,49.91,48.89,46.98,45.94,44.83,45.79,47.09,47.05,48.10,49.41,49.77,49.55
Bahrain,MtCO2e,14.06,13.76,15.78,16.67,17.13,17.96,19.34,20.33,22.17,22.86,24.02,24.85,26.02,27.07,27.37,30.46,32.88,34.03,36.43,37.01,38.92,39.66,40.88,43.76,45.90,46.95,47.15,47.94,48.95
Denmark,MtCO2e,68.51,79.13,72.94,75.50,79.20,76.11,89.58,79.91,75.85,73.01,68.80,69.70,69.44,74.87,68.54,64.69,72.46,67.65,64.17,61.36,61.79,54.51,49.44,50.98,46.73,44.65,49.19,47.02,46.73
Solomon Islands,MtCO2e,4.31,4.32,4.34,4.35,4.37,4.39,4.40,4.42,4.43,4.45,4.47,2.26,2.28,2.30,2.35,2.39,2.39,2.41,2.40,2.42,2.44,-17.05,-17.03,-16.98,-17.01,-17.02,46.29,46.31,46.35
Syria,MtCO2e,57.85,62.21,63.36,63.85,67.26,71.42,74.64,75.09,78.35,77.33,77.34,77.86,78.47,78.81,81.14,92.26,96.24,99.92,101.03,95.80,95.31,88.89,75.26,55.61,48.43,43.71,44.93,47.55,46.32
Niger,MtCO2e,19.16,19.68,20.23,20.95,21.50,22.15,22.95,23.53,24.52,25.16,26.02,22.31,23.13,24.06,24.95,25.88,26.86,28.09,29.36,30.74,30.90,32.52,34.98,36.81,39.04,40.84,42.57,44.29,46.30
North Korea,MtCO2e,165.49,157.99,143.85,134.39,124.95,117.30,105.49,97.42,88.91,92.80,96.09,94.55,91.67,92.98,94.68,97.45,99.57,87.05,95.15,78.77,75.66,62.99,64.62,54.06,58.13,51.77,56.75,49.31,45.29
Somalia,MtCO2e,42.49,39.63,37.70,39.70,41.67,42.35,42.82,43.24,43.12,43.22,43.42,44.00,44.43,44.70,45.04,45.52,44.29,43.23,43.30,43.37,43.62,43.79,44.11,44.25,44.40,44.46,44.42,44.27,44.32
Switzerland,MtCO2e,51.19,53.40,53.31,50.85,49.97,50.90,51.49,50.03,51.57,51.69,50.89,51.64,49.96,51.15,51.60,52.29,51.99,50.06,51.65,50.18,51.74,47.81,49.04,50.06,46.26,45.49,45.95,44.96,43.78
Mali,MtCO2e,17.91,17.87,17.93,18.15,18.41,18.75,19.21,20.19,24.64,25.91,25.12,22.34,22.62,23.41,25.72,26.68,27.00,27.94,29.38,29.62,31.80,32.76,33.43,34.62,35.19,36.67,41.05,42.14,43.74
Madagascar,MtCO2e,55.62,55.72,56.05,56.51,56.47,56.91,57.56,56.97,58.19,57.91,56.64,48.81,46.58,49.15,48.12,52.32,50.81,52.14,50.74,51.66,52.19,40.25,41.03,40.01,40.11,41.14,41.83,40.56,41.29
Guinea,MtCO2e,21.05,21.37,21.70,22.07,22.49,22.90,22.36,22.80,24.27,23.84,24.28,25.27,26.45,26.68,26.72,28.20,28.54,28.92,29.54,30.01,32.29,33.86,35.37,35.61,36.32,37.10,40.96,41.11,41.17
Slovakia,MtCO2e,57.56,49.51,46.97,44.27,41.56,42.15,42.19,42.00,40.81,39.35,36.76,38.43,37.87,38.16,37.50,38.39,37.92,36.94,36.81,33.17,34.76,34.06,31.75,32.39,29.74,30.16,37.52,39.42,38.86
Cuba,MtCO2e,43.70,34.84,28.90,25.11,26.44,28.20,31.30,33.75,33.23,33.57,33.90,33.39,32.06,31.31,30.85,31.05,31.95,33.00,32.45,33.85,36.89,33.31,33.50,32.18,31.83,31.91,42.62,39.47,38.82
Guatemala,MtCO2e,28.77,29.24,30.51,31.27,31.59,32.69,33.19,33.65,37.53,36.22,38.72,35.42,36.43,38.12,37.10,39.24,38.59,40.22,38.90,40.51,40.28,34.86,35.56,36.81,37.85,40.85,37.78,37.01,38.70
Nicaragua,MtCO2e,29.61,28.25,29.16,29.83,30.15,29.54,29.56,30.40,31.37,31.95,32.52,36.65,37.12,38.29,37.77,38.25,38.41,38.58,38.46,38.56,38.95,27.42,27.77,28.05,28.96,29.87,38.67,38.49,38.67
Laos,MtCO2e,20.45,20.31,20.56,20.52,20.83,20.82,21.09,20.68,22.36,20.98,20.41,20.89,21.97,22.54,26.78,24.05,23.14,27.97,23.56,24.97,28.63,21.53,23.43,24.44,24.93,29.28,37.40,38.76,38.63
Dominican Republic,MtCO2e,8.65,9.80,11.31,11.84,13.84,14.35,15.27,16.96,18.86,19.50,20.27,26.35,28.75,26.43,25.69,26.99,28.88,30.08,30.26,29.76,31.09,32.22,32.99,32.76,33.01,35.38,36.23,35.45,37.50
Tunisia,MtCO2e,18.94,19.98,20.73,22.30,22.29,22.96,24.45,25.15,26.53,27.97,29.55,29.93,30.00,30.21,31.36,31.88,32.93,33.61,33.74,34.33,36.65,40.18,41.13,41.00,43.25,44.05,35.94,36.96,37.31
Sri Lanka,MtCO2e,29.15,29.10,30.95,31.40,32.32,32.47,32.19,30.06,27.46,26.75,25.84,23.54,24.54,25.78,25.98,27.96,26.41,27.37,27.67,26.82,28.05,29.14,30.51,28.37,31.22,34.51,37.21,37.83,37.15
Jordan,MtCO2e,18.67,19.14,21.89,22.63,23.71,23.34,22.57,22.07,21.28,20.34,20.90,21.03,21.84,22.43,23.93,25.44,26.18,27.63,26.89,27.57,27.43,28.55,32.12,32.42,34.68,34.97,35.07,36.74,35.81
Uruguay,MtCO2e,15.54,17.16,18.77,19.31,19.19,19.40,20.70,20.38,19.94,20.96,19.07,21.95,22.28,23.18,25.09,25.27,27.39,26.35,28.89,28.45,26.04,30.67,31.52,30.53,30.00,29.77,35.28,34.34,34.39
Senegal,MtCO2e,19.19,19.58,20.12,20.47,20.89,21.26,22.56,23.12,24.38,26.64,26.68,25.89,25.41,24.79,26.99,27.79,28.23,28.41,29.35,29.75,30.85,30.01,29.70,31.06,31.67,32.58,34.15,34.10,34.36
Lebanon,MtCO2e,7.23,8.73,8.78,12.17,13.12,15.39,16.41,18.62,18.97,19.94,18.78,20.10,20.07,20.76,21.31,20.73,19.80,18.79,22.54,25.97,25.07,25.68,28.28,28.28,30.23,32.58,33.71,35.52,34.28
Sweden,MtCO2e,70.26,70.91,73.46,73.42,75.23,74.78,80.33,74.08,74.87,73.60,69.41,54.79,56.12,57.11,55.69,52.14,50.61,48.52,47.38,43.50,49.08,33.83,30.98,29.28,27.95,27.85,32.87,32.50,30.05
Norway,MtCO2e,30.91,28.34,28.89,30.74,32.28,31.60,32.45,34.06,35.64,37.58,32.21,25.04,24.51,26.45,26.97,25.72,26.14,26.77,25.29,24.70,29.06,31.17,30.03,29.11,29.38,29.65,29.02,27.97,28.42
Honduras,MtCO2e,17.80,17.94,18.27,18.09,18.80,19.59,19.15,19.47,19.98,18.96,19.42,19.47,19.92,22.75,22.52,23.20,23.57,24.28,24.31,24.38,24.46,26.31,26.24,27.07,27.39,27.69,27.37,26.94,28.13
Benin,MtCO2e,20.31,20.44,20.56,20.68,20.97,20.82,22.14,22.43,23.55,23.33,23.56,18.12,19.06,19.02,19.11,20.33,21.08,21.93,21.70,22.40,22.99,23.23,23.22,23.93,24.50,25.15,26.83,27.01,28.12
Malawi,MtCO2e,19.42,18.71,17.84,17.09,15.83,16.27,16.44,16.49,16.82,16.93,16.99,17.33,17.97,18.67,18.84,19.45,19.26,19.59,20.04,19.66,20.48,21.00,21.87,22.49,23.53,24.41,24.98,25.40,26.83
Bosnia and Herzegovina,MtCO2e,33.41,30.87,23.34,19.89,9.57,9.48,10.56,15.47,18.31,18.30,22.07,18.80,18.94,19.44,20.50,21.17,23.04,24.16,26.06,26.30,26.30,25.35,23.56,23.33,20.75,20.93,25.46,25.73,25.45
Equatorial Guinea,MtCO2e,4.04,4.09,4.15,5.12,5.18,5.23,7.25,8.88,10.37,12.09,14.13,16.41,19.60,22.63,26.62,29.36,30.20,28.35,29.54,29.99,29.62,29.36,29.21,28.11,26.39,25.00,22.98,22.53,23.10
Trinidad and Tobago,MtCO2e,15.23,14.15,13.10,13.65,14.20,14.38,14.64,15.18,15.59,15.79,16.06,17.24,17.95,17.30,18.05,21.82,24.56,24.59,23.84,23.09,25.70,26.52,25.74,26.63,26.10,25.71,22.97,23.20,23.03
Liberia,MtCO2e,17.13,16.85,16.73,16.56,16.39,16.25,16.29,16.45,16.65,16.68,16.84,16.92,17.00,17.22,17.35,17.51,17.88,17.88,18.00,18.96,18.55,19.34,20.04,20.63,21.87,23.19,22.58,22.52,22.66
Namibia,MtCO2e,false,19.94,19.89,19.85,20.04,20.15,20.04,19.89,20.62,20.66,21.48,21.48,20.11,20.78,21.28,21.88,23.23,22.61,21.16,24.07,23.48,28.46,30.05,23.26,22.53,22.66,23.40,23.45,22.49
Panama,MtCO2e,14.11,14.62,15.29,15.56,15.86,16.08,16.03,15.94,16.98,16.10,16.24,16.04,15.33,15.64,15.66,17.33,17.87,17.90,18.03,19.63,20.28,21.37,22.08,22.42,23.03,22.50,22.72,22.29,22.41
Yemen,MtCO2e,12.37,14.02,14.80,13.92,14.30,15.82,16.48,17.82,19.24,21.07,22.25,23.84,24.03,26.98,28.24,29.33,29.68,31.41,33.06,36.97,35.61,32.39,31.47,38.35,38.81,26.05,22.74,21.97,21.76
Estonia,MtCO2e,37.37,33.58,25.79,19.99,19.11,17.42,18.30,17.88,17.37,16.43,16.08,16.56,16.15,18.10,18.26,18.41,17.18,21.20,19.66,16.26,20.26,14.54,13.31,15.72,14.39,11.95,20.21,20.86,20.56
Republic of Congo,MtCO2e,13.88,16.10,16.01,15.98,15.75,15.90,14.68,15.25,15.15,14.98,14.51,14.41,14.72,16.01,16.05,18.53,18.96,18.89,19.33,19.38,19.65,19.89,19.80,19.35,19.00,19.03,20.22,19.88,20.29
Ghana,MtCO2e,22.89,23.16,23.88,24.38,24.85,25.42,26.37,27.77,31.33,30.34,31.16,66.27,67.70,68.40,67.34,69.78,71.09,71.59,71.51,72.93,74.94,61.83,64.77,67.66,68.23,70.87,16.43,18.03,19.60
Bulgaria,MtCO2e,76.59,59.37,53.50,52.02,48.13,49.35,49.88,47.36,43.51,36.58,35.97,36.61,33.96,38.75,37.44,37.41,37.48,41.68,39.21,31.80,33.49,50.74,45.04,39.96,42.55,45.20,20.47,22.65,19.52
Guyana,MtCO2e,9.59,9.81,9.80,9.94,10.23,11.02,11.38,11.72,11.88,11.94,11.63,12.38,12.27,12.55,12.95,12.58,12.39,12.70,12.84,12.87,13.13,20.86,21.10,21.25,21.45,21.57,18.84,18.91,19.12
Lithuania,MtCO2e,45.88,47.61,32.84,26.92,24.90,23.29,24.04,23.81,24.69,21.94,20.23,20.16,20.52,20.69,21.64,22.78,22.90,23.90,23.33,19.74,20.55,13.92,13.83,12.94,12.46,12.71,18.21,18.11,18.21
Croatia,MtCO2e,27.85,21.34,22.36,23.25,23.33,24.61,23.96,25.44,25.80,25.41,24.49,25.30,26.30,27.40,27.17,27.06,27.79,29.30,28.47,25.91,25.35,24.41,22.45,21.33,20.60,21.19,18.39,19.06,18.21
Slovenia,MtCO2e,8.35,7.32,7.06,7.77,7.85,8.72,9.54,10.02,9.75,9.06,8.76,7.50,7.57,7.54,7.76,7.96,8.33,8.26,9.25,7.26,7.56,16.40,15.79,15.15,13.60,13.68,17.48,17.65,17.51
Brunei,MtCO2e,15.51,15.11,15.45,15.86,16.28,16.79,17.09,17.99,21.65,17.48,18.07,18.06,18.14,19.26,18.86,18.86,20.75,19.90,19.79,19.54,18.47,17.62,17.66,17.45,17.39,16.27,16.57,16.66,16.95
Georgia,MtCO2e,33.78,23.65,15.56,9.30,1.96,-1.49,-3.12,-3.83,-4.32,-4.62,-4.25,8.05,7.49,8.03,8.13,8.76,9.12,9.87,9.00,9.75,9.48,14.38,15.26,16.05,16.63,16.97,17.39,17.19,16.90
Tajikistan,MtCO2e,17.82,16.95,13.94,11.10,8.63,8.04,7.41,7.65,7.59,7.11,6.76,6.41,6.46,6.62,7.18,7.26,7.71,8.38,8.73,8.39,8.43,8.66,9.44,9.86,11.30,11.88,13.52,14.07,15.08
Kyrgyzstan,MtCO2e,31.63,29.36,21.71,16.86,11.68,8.99,9.93,9.82,10.03,8.68,8.64,9.07,10.02,10.66,10.81,10.49,10.60,11.85,13.02,12.65,12.32,13.01,15.60,15.13,15.67,16.23,13.25,12.97,14.86
Gabon,MtCO2e,11.08,11.26,11.46,11.51,11.19,11.06,10.82,10.66,10.49,10.15,9.72,9.11,8.95,9.10,9.33,9.44,8.98,9.03,9.27,9.25,9.91,14.26,14.50,14.52,14.33,14.46,14.85,14.03,13.97
El Salvador,MtCO2e,8.25,9.10,9.51,10.05,10.73,10.98,10.89,11.73,11.81,11.98,11.84,12.45,12.65,13.17,13.48,13.82,14.29,14.90,14.34,13.95,13.70,13.63,13.78,13.05,13.34,13.81,13.80,13.05,13.44
Moldova,MtCO2e,38.12,32.03,26.81,23.42,20.35,18.29,16.53,14.82,13.36,12.00,11.15,10.68,10.82,11.42,11.41,11.70,11.36,11.58,11.45,10.77,11.53,12.25,12.00,11.15,11.81,12.02,12.78,12.81,13.28
Suriname,MtCO2e,6.12,6.47,6.58,6.52,6.55,6.67,6.78,6.76,6.83,6.88,6.18,6.60,6.07,6.30,6.65,6.83,6.78,6.67,6.86,7.00,7.33,11.87,12.35,12.19,12.63,12.74,13.42,13.26,13.15
Mauritania,MtCO2e,7.12,7.36,7.23,7.44,7.37,7.47,7.99,8.28,8.56,9.13,9.55,9.66,9.75,9.92,9.96,10.11,10.48,10.74,10.14,10.92,11.50,11.62,12.07,12.06,12.55,13.22,12.17,12.84,12.99
Sierra Leone,MtCO2e,7.47,7.46,7.57,7.66,7.64,7.31,6.56,6.54,6.67,6.34,6.52,6.95,7.38,8.31,8.73,8.70,10.16,9.43,8.66,9.00,8.73,9.37,10.49,10.45,10.97,11.23,11.03,10.88,10.57
Haiti,MtCO2e,5.13,5.35,5.76,5.40,4.90,5.69,5.97,6.37,6.51,6.65,7.12,7.29,7.58,7.62,7.49,7.58,7.63,8.04,8.06,8.10,8.64,9.62,9.36,9.65,10.01,10.34,10.53,10.54,10.56
Macedonia,MtCO2e,13.98,13.31,12.72,12.72,12.27,11.91,13.44,12.26,13.03,12.13,11.85,11.88,11.26,12.17,11.95,12.33,12.37,12.81,12.61,11.91,11.75,12.70,12.12,11.24,10.82,10.56,10.53,11.01,10.51
Jamaica,MtCO2e,9.39,9.39,10.18,10.37,10.41,10.73,11.07,11.21,11.78,12.10,12.22,9.38,9.55,9.97,9.89,9.85,11.05,10.97,8.57,6.83,6.44,9.24,8.81,9.29,9.13,9.02,9.41,8.87,10.20
Luxembourg,MtCO2e,11.56,12.04,11.72,11.93,11.09,8.94,9.02,8.52,7.84,8.23,8.85,9.44,10.23,10.63,12.07,12.30,12.11,11.52,11.44,10.86,11.46,11.59,11.34,10.81,10.32,9.81,9.50,9.64,9.94
Albania,MtCO2e,11.51,9.15,7.09,7.03,7.87,7.63,7.36,6.65,6.88,8.09,8.48,7.08,7.70,8.13,8.19,7.98,7.88,7.94,7.67,7.73,8.01,8.79,8.40,8.60,9.08,9.01,9.49,10.06,9.84
Armenia,MtCO2e,24.44,25.07,14.95,8.77,6.24,6.85,5.78,6.39,6.31,5.80,6.15,6.26,5.93,6.35,6.75,7.47,7.90,8.56,9.11,8.02,7.88,8.30,9.29,9.22,9.18,9.18,9.54,9.32,9.40
Togo,MtCO2e,6.89,6.71,6.40,6.30,6.59,6.62,7.14,6.92,7.89,8.36,7.95,5.95,6.44,7.09,6.86,7.80,7.22,6.89,7.21,8.66,8.49,8.94,8.42,8.27,7.99,8.74,9.06,8.84,9.24
Burundi,MtCO2e,8.33,8.44,8.48,8.50,8.44,8.66,8.67,8.71,8.73,8.73,8.67,6.53,6.49,6.44,6.47,6.51,6.67,6.74,6.87,7.02,7.36,2.60,2.66,3.02,2.96,2.94,8.25,8.88,8.99
Latvia,MtCO2e,12.38,10.66,7.97,4.78,1.80,0.13,0.12,-0.44,-0.87,-1.52,-2.21,-2.87,-2.83,-2.69,-2.60,-2.44,-1.91,-1.48,-1.80,-2.59,-1.41,9.10,8.89,8.84,8.76,8.83,8.56,8.47,8.89
Costa Rica,MtCO2e,11.34,11.61,12.71,12.77,13.16,12.73,12.68,12.78,13.53,13.33,13.19,10.59,10.62,10.99,10.97,11.51,11.82,13.24,13.40,12.99,13.11,7.01,7.00,7.49,7.49,7.40,8.31,8.43,8.54
Cyprus,MtCO2e,5.35,5.87,6.29,6.56,6.81,6.70,7.08,7.17,7.49,7.77,8.03,7.76,7.99,8.65,8.60,8.74,8.85,9.17,9.36,9.18,8.87,8.56,8.05,7.38,7.77,7.83,8.29,8.43,8.35
Eritrea,MtCO2e,4.12,4.66,5.70,5.80,6.51,7.11,7.61,8.09,8.09,8.25,8.34,7.91,7.70,7.70,7.61,7.48,7.34,7.76,7.80,7.95,7.95,8.01,7.91,7.80,7.68,7.52,7.70,7.78,7.93
Rwanda,MtCO2e,6.68,6.66,6.59,6.51,6.38,6.15,6.29,6.41,6.57,6.76,6.80,6.73,6.85,6.86,6.81,6.74,7.01,7.22,7.41,7.53,7.78,6.82,6.98,7.15,7.18,7.85,7.71,7.76,7.82
Belize,MtCO2e,13.20,13.41,13.63,13.70,13.80,12.71,11.55,10.57,9.60,8.44,7.43,4.18,4.29,4.52,4.11,4.25,4.28,4.46,4.42,5.44,4.60,7.22,6.94,6.94,6.79,7.00,6.77,6.84,6.82
Mauritius,MtCO2e,2.26,2.36,2.45,2.61,2.69,2.75,2.92,3.03,3.31,3.84,4.27,4.48,4.50,4.70,4.72,4.91,5.34,5.48,5.59,5.59,5.86,5.83,5.99,6.12,6.33,6.37,6.50,6.70,6.71
Timor-Leste,MtCO2e,0.92,0.99,0.99,1.03,1.11,1.13,1.15,1.16,1.18,1.07,1.13,2.20,3.26,4.10,4.90,5.88,6.23,6.52,6.89,7.21,7.52,7.41,7.39,7.36,7.33,7.36,7.23,6.86,6.66
Lesotho,MtCO2e,3.33,3.39,3.61,3.62,3.63,3.59,3.59,3.61,3.63,4.13,4.08,4.08,3.93,4.01,3.99,4.19,4.26,4.46,4.53,4.75,4.90,5.10,5.28,5.28,5.39,5.39,5.42,5.78,5.85
Guinea-Bissau,MtCO2e,3.35,3.36,3.40,3.43,3.46,3.49,3.14,3.18,3.41,3.77,3.47,3.65,3.79,3.88,3.90,3.85,4.14,4.15,3.91,3.99,4.13,4.05,4.48,4.25,4.35,4.59,4.37,4.39,4.44
Montenegro,MtCO2e,2.24,2.23,2.11,2.12,2.13,2.19,2.22,2.25,2.25,2.23,2.17,-1.61,-1.61,-1.60,-1.75,0.03,0.09,-0.10,0.36,-0.70,0.05,4.07,3.83,3.69,3.59,3.69,3.43,3.56,3.83
Barbados,MtCO2e,3.12,3.15,3.39,3.24,3.32,3.37,3.38,3.49,3.61,3.65,3.60,3.67,3.72,3.73,3.73,3.77,3.83,3.85,4.17,7.01,3.99,4.09,4.65,3.94,3.76,3.77,3.81,3.72,3.79
Iceland,MtCO2e,3.38,3.26,3.06,3.02,3.10,3.04,3.29,3.27,3.42,3.40,3.43,3.27,3.33,3.30,3.37,3.33,3.80,3.81,3.70,3.36,3.24,2.99,2.98,3.14,3.21,3.25,3.22,3.34,3.35
Gambia,MtCO2e,5.16,5.32,5.44,5.56,5.10,4.63,4.30,3.99,3.72,3.66,3.31,2.79,2.57,2.49,2.40,2.27,2.39,2.46,2.64,3.01,3.09,2.79,2.89,2.97,3.12,3.15,3.19,3.23,3.31
Eswatini,MtCO2e,2.61,2.65,2.60,2.32,2.68,2.68,2.56,2.89,2.99,3.02,2.93,2.74,2.78,2.82,2.83,2.87,2.77,2.99,2.88,2.79,2.82,2.84,2.90,3.41,2.83,2.88,3.09,2.93,3.00
Bahamas,MtCO2e,2.04,2.14,2.80,2.37,2.30,2.36,2.30,2.10,2.62,2.58,2.52,2.40,2.56,2.53,2.50,2.36,2.34,2.38,2.48,6.38,2.42,2.82,4.00,3.53,3.00,2.76,2.60,2.61,2.65
Maldives,MtCO2e,0.21,0.21,0.28,0.26,0.27,0.33,0.35,0.42,0.40,0.52,0.56,0.59,0.72,0.64,0.86,0.84,1.00,1.01,1.02,1.08,1.14,1.22,1.38,1.39,1.65,1.66,2.12,2.23,2.38
Grenada,MtCO2e,1.84,1.86,1.92,1.91,1.93,1.96,1.99,2.02,2.06,2.07,2.07,2.10,2.13,2.15,2.14,2.16,2.19,2.21,2.24,2.77,2.26,2.27,2.41,2.32,2.26,2.29,2.31,2.33,2.36
Malta,MtCO2e,2.52,2.43,2.41,3.05,2.76,2.62,2.57,2.73,2.63,2.67,2.41,2.78,2.62,2.92,2.92,2.97,3.05,3.14,3.08,2.89,2.99,2.98,3.16,2.83,2.84,2.16,1.86,2.01,2.03
Djibouti,MtCO2e,0.99,1.01,1.02,1.04,1.05,1.10,1.15,1.18,1.19,1.23,1.27,1.28,1.31,1.33,1.32,1.36,1.36,1.40,1.41,1.40,1.46,1.42,1.46,1.52,1.43,1.52,1.47,1.46,1.48
Antigua and Barbuda,MtCO2e,0.36,0.37,0.45,0.43,0.43,0.46,0.49,0.52,0.57,0.59,0.61,0.65,0.71,0.75,0.76,0.79,0.86,0.92,0.97,1.93,1.04,1.07,1.29,1.06,1.07,1.10,1.13,1.16,1.21
Bhutan,MtCO2e,-5.46,-5.41,-5.42,-5.45,-5.42,-5.32,-5.29,-5.20,-5.19,-5.13,-5.18,-5.24,-5.21,-5.25,-5.28,-5.09,-5.11,-5.03,-5.16,-5.14,-4.99,0.48,0.62,0.67,0.74,0.77,1.01,1.11,1.16
Vanuatu,MtCO2e,0.50,0.51,0.53,0.56,0.56,0.57,0.59,0.60,0.60,0.61,0.59,0.57,0.57,0.59,0.58,0.60,0.60,0.73,0.73,0.72,0.74,0.76,0.76,0.76,0.82,0.81,0.86,0.86,0.87
Samoa,MtCO2e,0.47,0.47,0.47,0.48,0.52,0.52,0.53,0.53,0.54,0.54,0.55,0.57,0.57,0.58,0.59,0.61,0.61,0.61,0.60,0.62,0.63,0.65,0.65,0.66,0.68,0.73,0.77,0.78,0.80
Seychelles,MtCO2e,0.22,0.24,0.24,0.26,0.28,0.28,0.32,0.43,0.52,0.61,0.67,0.73,0.63,0.65,0.85,0.79,0.84,0.75,0.81,0.62,0.56,0.52,0.57,0.54,0.60,0.65,0.69,0.74,0.78
Cape Verde,MtCO2e,-0.27,-0.26,-0.22,-0.22,-0.23,-0.20,-0.21,-0.20,-0.17,-0.13,-0.11,0.37,0.40,0.43,0.47,0.58,0.64,0.60,0.62,0.67,0.71,0.70,0.67,0.65,0.65,0.66,0.71,0.73,0.77
Comoros,MtCO2e,0.34,0.34,0.34,0.35,0.36,0.36,0.37,0.37,0.39,0.40,0.38,0.40,0.41,0.43,0.45,0.47,0.47,0.42,0.45,0.46,0.50,0.51,0.52,0.55,0.55,0.57,0.60,0.64,0.65
Saint Lucia,MtCO2e,0.75,0.77,0.88,0.88,0.93,0.89,0.82,0.75,0.66,0.58,0.49,0.56,0.52,0.56,0.56,0.53,0.56,0.47,0.49,1.22,0.58,0.54,0.69,0.49,0.54,0.56,0.54,0.57,0.59
Andorra,MtCO2e,0.43,0.43,0.43,0.44,0.44,0.46,0.49,0.51,0.54,0.57,0.59,0.59,0.60,0.61,0.64,0.66,0.64,0.64,0.64,0.62,0.63,0.60,0.60,0.59,0.58,0.58,0.59,0.59,0.59
Sao Tome and Principe,MtCO2e,0.10,0.10,0.10,0.10,0.11,0.11,0.11,0.11,0.11,0.11,0.11,0.11,0.11,0.12,0.13,0.13,0.13,0.13,0.14,0.15,0.16,0.36,0.38,0.39,0.38,0.39,0.39,0.40,0.41
Saint Kitts and Nevis,MtCO2e,0.19,0.19,0.23,0.22,0.23,0.24,0.24,0.25,0.27,0.27,0.28,0.30,0.32,0.32,0.33,0.32,0.33,0.35,0.35,0.81,0.35,0.37,0.45,0.33,0.34,0.35,0.35,0.35,0.37
Saint Vincent and the Grenadines,MtCO2e,0.11,0.11,0.15,0.15,0.17,0.18,0.18,0.19,0.23,0.22,0.20,0.29,0.31,0.31,0.33,0.33,0.33,0.38,0.30,1.07,0.33,0.31,0.48,0.30,0.37,0.30,0.35,0.35,0.37
Tonga,MtCO2e,0.25,0.27,0.25,0.26,0.27,0.26,0.24,0.25,0.24,0.26,0.24,0.23,0.24,0.26,0.27,0.28,0.29,0.27,0.27,0.28,0.26,0.25,0.26,0.26,0.27,0.27,0.31,0.34,0.35
Palau,MtCO2e,false,0.01,0.21,0.21,0.21,0.21,0.21,0.22,0.22,0.22,0.23,0.23,0.23,0.23,0.25,0.28,0.27,0.26,0.23,0.22,0.23,0.24,0.24,0.24,0.25,0.25,0.29,0.30,0.32
Fiji,MtCO2e,-0.72,-0.70,-0.65,-0.59,-0.54,-0.48,-0.43,-0.43,-0.47,-0.50,-0.47,-0.21,-0.37,-0.24,0.17,-0.02,0.05,-0.05,-0.34,-0.34,-0.18,-0.18,-0.20,-0.04,0.20,-0.17,0.07,0.19,0.28
Micronesia,MtCO2e,false,-0.02,0.09,0.09,0.10,0.16,0.16,0.16,0.17,0.17,0.17,0.19,0.18,0.20,0.20,0.20,0.18,0.18,0.16,0.18,0.16,0.17,0.18,0.19,0.19,0.20,0.22,0.23,0.24
Marshall Islands,MtCO2e,false,0.03,0.11,0.11,0.12,0.12,0.12,0.12,0.13,0.13,0.13,0.14,0.15,0.15,0.16,0.17,0.17,0.18,0.17,0.17,0.18,0.18,0.18,0.18,0.19,0.19,0.22,0.22,0.24
Dominica,MtCO2e,0.24,0.24,0.26,0.26,0.26,0.27,0.24,0.25,0.25,0.25,0.26,0.21,0.18,0.19,0.21,0.22,0.23,0.24,0.24,0.56,0.24,0.23,0.31,0.23,0.24,0.24,0.24,0.22,0.23
Liechtenstein,MtCO2e,0.25,0.25,0.26,0.26,0.25,0.25,0.26,0.27,0.28,0.28,0.27,0.27,0.28,0.29,0.29,0.29,0.29,0.27,0.29,0.27,0.26,0.21,0.22,0.23,0.20,0.19,0.19,0.19,0.18
Kiribati,MtCO2e,0.04,0.04,0.04,0.05,0.04,0.05,0.05,0.05,0.05,0.05,0.05,0.05,0.06,0.07,0.08,0.09,0.10,0.08,0.09,0.08,0.08,0.08,0.08,0.09,0.09,0.09,0.10,0.10,0.11
Cook Islands,MtCO2e,0.03,0.03,0.03,0.03,0.03,0.04,0.04,0.05,0.05,0.05,0.04,0.06,0.05,0.06,0.06,0.07,0.07,0.07,0.07,0.07,0.07,0.08,0.08,0.08,0.08,0.08,0.09,0.09,0.10
Nauru,MtCO2e,0.13,0.13,0.13,0.12,0.12,0.11,0.11,0.11,0.11,0.10,0.09,0.09,0.08,0.08,0.07,0.08,0.05,0.05,0.05,0.05,0.05,0.05,0.05,0.05,0.06,0.06,0.07,0.07,0.08
Tuvalu,MtCO2e,0.02,0.02,0.02,0.02,0.02,0.02,0.02,0.02,0.02,0.02,0.02,0.02,0.02,0.02,0.02,0.02,0.02,0.02,0.02,0.02,0.02,0.02,0.02,0.02,0.02,0.02,0.02,0.03,0.03
Niue,MtCO2e,0.01,0.01,0.01,0.01,0.01,0.01,0.01,0.01,0.01,0.01,0.01,0.01,0.01,0.01,0.01,0.01,0.01,0.01,0.01,0.01,0.01,0.00,0.00,0.00,0.01,0.01,0.01,0.01,0.01
Data source,CAIT
Data for,Location: World. Sectors/Subsectors: Total including LUCF. Gases: All GHG. Calculation: Total. Show data by Countries